,name,age_group,sex,year,population,ILO_inactive_share,Total_inactive_population,ILO_unemployed_rate,Total_unemployed_population,Total_employed_population,Agriculture,Mining and quarrying,Manufacturing,Electricity,Water supply,Construction,Wholesale and retail,Transport,Accommodation,Information and communication,Financial and insurance,Real estate,Professional,Administrative and support,Public administration and defence,Education,Human health,Arts and entertainment,Other services,Activities of households,Extraterritorial organizations
0,Ghana,15-24,female,2015,2664400.0,59.251,1578683.644,13.7,148743.14077199996,936973.215228,268225.12500255054,2268.551745339782,174633.22056006693,444.30023681372467,2521.8703790191,2973.317536532241,262822.8470560916,2202.8397800201474,69858.17195317138,1112.1402710591983,3752.1333671936536,0.0,7015.8938199271815,2649.919374883645,12923.220829144873,48531.562060537595,28399.67907815628,0,0,8200.098874705494,0
1,Ghana,15-24,female,2016,2712580.0,59.396,1611164.0168,9.985,109976.38592251998,991439.59727748,49485856.76278548,763632.4311898896,14933823.287575683,64903.31827303202,130348.84083057569,180800.9450631089,26300423.044019565,263216.507113477,3980271.4900463317,60494.42581673714,1164039.3342188513,1402.7545257520455,264719.8183597789,267797.2900234186,934332.1150185126,3899070.512444739,1227770.4144577521,0,0,548481.5737214534,0
2,Ghana,15-24,female,2017,2760760.0,59.596,1645302.5295999998,6.155,68656.40730312001,1046801.0630968802,411562.52433181455,4967.736349950293,162694.07497055008,739.3925561692996,1484.9620201232601,2191.9675462864984,271506.9833355011,2673.098579675508,49769.516285911915,614.3519093933218,7996.758372785192,16.36045845666998,3087.452231608721,3123.345074141211,10608.421761521367,42892.11376977951,16632.075455741433,0,0,5634.174616879135,0
3,Ghana,15-24,female,2018,2808940.0,59.806,1679914.6563999997,6.279,70891.50132464402,1058133.8422753562,40019830.27403253,504078.88803757826,16708982.238239333,84079.41198241459,168861.22591636435,255821.61037720137,27584323.808762863,288757.5823583431,5144553.998221487,66364.4705894768,745818.3685734529,1677.9520786984608,316653.527994381,320334.7493915256,1051593.86167194,4200549.885000861,1650138.6378826632,0,0,556298.8447817239,0
4,Ghana,15-24,female,2019,2857120.0,60.025,1714986.28,6.368,72731.0752896,1069402.6447104,40350218.17810301,518443.92777401453,16370543.603976166,82816.44964530654,166324.75041657293,230865.8650686918,27637256.83241243,272353.311683182,5054513.425909058,62594.31595016922,812407.6159606517,1689.126660637387,318762.3312431412,322468.0683047436,1044931.1243216164,4214458.037935773,1602557.5525542707,0,0,557525.0541586373,0
5,Ghana,15-24,female,2020,2905300.0,60.811,1766741.983,7.344,83615.70076848,1054942.31623152,40498898.60580359,478234.59156900935,16496807.429542262,73937.31861591653,148492.3118285341,235763.05353919236,27583999.944881722,256276.67971613447,4738992.851976498,58899.46173840712,854040.2747506452,1675.105970253221,316116.42667207215,319791.4040557909,1096984.938685601,4393779.135387187,1667230.759016996,0,0,554762.4676585098,0
6,Ghana,15-24,female,2021,2965080.0,60.421,1791530.9868,7.168,84119.99326617601,1089429.019933824,40765819.560866885,510830.0217593843,16344411.916663568,81376.43489630148,163432.6909917818,225604.86448187113,27348878.77518585,262862.4327026139,4981025.788506797,60413.04973430045,804361.0175546102,1649.1860230116458,311224.96234262636,314843.0745359682,1040920.0581601091,4243912.096678448,1656011.5495533685,0,0,562696.3576784316,0
7,Ghana,15-24,female,2022,3024860.0,60.39,1826712.9540000001,7.097,85032.49585461999,1113114.55014538,0.0,0.0,0.0,0.0,0.0,0.0,0.0,0.0,0.0,0.0,0.0,0.0,0.0,0.0,0.0,0.0,0.0,0,0,0.0,0
8,Ghana,15-24,female,2023,3084640.0,60.641,1870556.5423999997,7.126,86515.58718857603,1127567.8704114242,0.0,0.0,0.0,0.0,0.0,0.0,0.0,0.0,0.0,0.0,0.0,0.0,0.0,0.0,0.0,0.0,0.0,0,0,0.0,0
9,Ghana,15-24,female,2024,3144420.0,60.859,1913662.5678,7.073,87051.47317950599,1143705.959020494,0.0,0.0,0.0,0.0,0.0,0.0,0.0,0.0,0.0,0.0,0.0,0.0,0.0,0.0,0.0,0.0,0.0,0,0,0.0,0
26,Ghana,15-24,male,2015,2776600.0,53.947,1497892.4020000002,14.789,189108.06666821995,1089599.53133178,464150.55546646746,16298.67461389872,94780.4966444135,2339.1225527877764,4465.357781779484,75014.15924080064,125367.41923695711,60777.61623794759,12704.9149954677,10670.746279493127,13899.93305841217,1609.9768737638205,11822.237194449553,8791.692490894126,30955.716246405955,75536.22121576026,24241.719619474443,0,0,7181.715617130305,0
27,Ghana,15-24,male,2016,2826980.0,54.316,1535502.4568,10.69,138058.94936807998,1153418.59383192,56147167.82024857,3813922.054895994,7859146.214803264,306610.95890319155,229039.91210320737,11252952.619900249,15143137.915055834,8567593.839325054,756043.8738555264,643853.407020883,1679931.5790295347,330035.40481825516,980245.9264633432,923887.4215421933,2505705.2237417665,5663053.226619704,920262.4586037169,0,0,228506.87214486368,0
28,Ghana,15-24,male,2017,2877360.0,54.732,1574836.6752000002,6.488,84507.713313024,1218015.6114869758,540458.9807545004,29398.104045331966,87358.63592342769,3397.178249743486,2537.709058096151,101657.3815086047,149337.2593210947,80607.06504421457,9439.96880481034,6057.6089894055995,15973.019955112644,3513.84733136827,10436.560691676783,9836.518456128924,27717.15094442676,64449.12772538177,13168.370368576243,0,0,2382.637273396304,0
29,Ghana,15-24,male,2018,2927740.0,55.203,1616200.3122,6.603,86600.96558543398,1224938.722214566,52975768.631891705,2972798.4234506986,8853759.087117126,336903.6898824794,251668.73289187608,10706759.55119471,15362905.996211527,8209246.621224514,996797.8749696586,616923.6666996888,1692191.900754807,357364.56760958995,1061416.9163291487,1000391.5461772379,2751530.512747073,6428980.241113117,1313198.744878903,0,0,231315.35140072848,0
30,Ghana,15-24,male,2019,2978120.0,55.687,1658425.6844,6.677,88115.989452612,1231578.3261473882,52978913.56937465,2995784.8898094133,8827571.14995243,345937.8239384442,258417.27598866762,10682771.208100377,15419527.965111503,8146359.997131324,971424.7426234426,612197.7462209897,1686604.774943252,362556.662271091,1076838.0789300252,1014926.0805913827,2738245.1988620735,6398868.844745811,1278231.6665129624,0,0,232487.56101937665,0
31,Ghana,15-24,male,2020,3028500.0,56.503,1711193.355,7.338,96663.9616101,1220642.6833899,54217682.16835829,2880068.398118439,8826547.201431062,344330.5064589542,257216.60183291908,10603884.91261011,15086323.076263137,7767959.895134104,879436.3864506881,583761.0346474691,1609221.8286500704,351510.7531572428,1044030.3641974295,984004.6208304142,2744817.9118409934,6325549.354703443,1258407.1790149948,0,0,229944.36964481627,0
32,Ghana,15-24,male,2021,3089540.0,56.347,1740863.1038,7.152,96457.371616224,1252219.524583776,53245649.59622193,3032397.534760915,8887159.38773052,352783.2299426305,263530.82833891036,10705022.792317936,15092854.072377652,8035506.923669593,901108.3900415235,603867.1541824794,1581913.5288938982,355462.2779247634,1055766.8809472437,995066.3553453374,2712260.9143460146,6383873.8452957515,1299175.7939194595,0,0,239677.3997037863,0
33,Ghana,15-24,male,2022,3150580.0,55.975,1763537.155,7.173,99492.58327185,1287550.26172815,0.0,0.0,0.0,0.0,0.0,0.0,0.0,0.0,0.0,0.0,0.0,0.0,0.0,0.0,0.0,0.0,0.0,0,0,0.0,0
34,Ghana,15-24,male,2023,3211620.0,56.138,1802939.2356,7.334,103312.647261096,1305368.117138904,0.0,0.0,0.0,0.0,0.0,0.0,0.0,0.0,0.0,0.0,0.0,0.0,0.0,0.0,0.0,0.0,0.0,0,0,0.0,0
35,Ghana,15-24,male,2024,3272660.0,56.298,1842442.1268,7.356,105206.82675259201,1325011.046447408,0.0,0.0,0.0,0.0,0.0,0.0,0.0,0.0,0.0,0.0,0.0,0.0,0.0,0.0,0.0,0.0,0.0,0,0,0.0,0
52,Ghana,25-35,female,2015,2351743.04,24.413,574131.0283552,4.918,87422.95873269127,1690189.0529121088,483846.45646991726,4092.1995032749533,315017.71114512265,801.4651691895814,4549.156409390193,5363.513779692744,474101.3848953029,3973.6628763751546,126015.8941288096,2006.169739857031,6768.405584308797,0.0,12655.844092564705,4780.141679330891,23311.96454582886,87545.20789101209,51229.66793926594,0,0,14792.010193644172,0
53,Ghana,25-35,female,2016,2394255.04,24.398,584150.3446592,3.917,70901.80091649914,1739202.8944243009,84661060.76784742,1306432.5019403233,25548983.15505235,111037.45861545457,223002.5275196361,309316.6572874853,44995112.93142461,450314.2950652689,6809501.310781698,103494.66686486319,1991453.947799037,2399.851066868387,452886.17990473413,458151.15928612906,1598467.7873945571,6670581.600204778,2100485.926022029,0,0,938349.5584499363,0
54,Ghana,25-35,female,2017,2436767.04,24.321,592646.1117984001,2.887,53239.77119718019,1790881.1570044197,704106.6308955456,8498.869303563672,278339.1835302874,1264.962601925043,2540.492739698184,3750.047180689955,464497.7518576147,4573.1725405337065,85146.34924612724,1051.0414032702997,13680.96039620941,27.989689543611245,5282.054269587207,5343.4602211369665,18149.028796416085,73380.39771103942,28454.375511850587,0,0,9639.020738850366,0
55,Ghana,25-35,female,2018,2479279.04,24.208,600183.8700031999,2.947,55376.9346598057,1823718.2353369943,68466456.97153524,862384.8542525711,28585948.65643057,143844.1743322745,288890.02724894596,437663.0075476484,47191627.40595141,494010.3057001277,8801371.28381377,113537.21739798087,1275955.9671008468,2870.6626942156254,541735.0598655486,548032.9423069401,1799080.7404400718,7186356.513481023,2823079.0903920783,0,0,951723.4495688629,0
56,Ghana,25-35,female,2019,2521791.04,24.063,606818.5779552,2.982,57104.47881817594,1857867.983226624,69031688.98434152,886960.7549566599,28006943.34752201,141683.48159774317,284550.591287407,394968.38713926723,47282185.925596796,465945.661631432,8647328.677243264,107087.18678514051,1389877.7356287062,2889.7803173603897,545342.8284618678,551682.6526275054,1787682.0409207344,7210150.76617903,2741676.7378836237,0,0,953821.2648511283,0
57,Ghana,25-35,female,2020,2564303.04,24.622,631382.6945087999,3.071,59359.98381003476,1873560.3616811652,69286053.43406475,818170.088722368,28222957.176690895,126492.94634545317,254042.6185917376,403346.5621940121,47191073.33532365,438441.5462145988,8107531.89022878,100765.9811435001,1461103.4410386875,2865.793534100052,540816.1797923098,547103.3798926313,1876736.3976471939,7516935.68052466,2852320.518158837,0,0,949094.9951881646,0
58,Ghana,25-35,female,2021,2613711.8079999997,24.222,633093.27413376,3.432,67974.82808228934,1912643.7057839504,69742705.34786609,873934.7834578691,27962236.90992019,139219.8852462338,279602.8176259313,385967.79748562985,46788824.916531004,449708.5398621587,8521605.051488496,103355.44758260954,1376111.5082418814,2821.449344222983,532447.7976740801,538637.7120517121,1780819.8556771602,7260541.160934175,2833126.545652299,0,0,962668.3995715993,0
59,Ghana,25-35,female,2022,2663120.576,23.904,636592.34248704,3.381,68516.91957507317,1958011.3139378866,0.0,0.0,0.0,0.0,0.0,0.0,0.0,0.0,0.0,0.0,0.0,0.0,0.0,0.0,0.0,0.0,0.0,0,0,0.0,0
60,Ghana,25-35,female,2023,2712529.344,24.117,654180.70189248,3.44,70807.19328849869,1987541.4488190212,0.0,0.0,0.0,0.0,0.0,0.0,0.0,0.0,0.0,0.0,0.0,0.0,0.0,0.0,0.0,0.0,0.0,0,0,0.0,0
61,Ghana,25-35,female,2024,2761938.112,24.354,672642.4077964801,3.428,71621.05674009665,2017674.6474634234,0.0,0.0,0.0,0.0,0.0,0.0,0.0,0.0,0.0,0.0,0.0,0.0,0.0,0.0,0.0,0.0,0.0,0,0,0.0,0
78,Ghana,25-35,male,2015,2231660.48,13.788,307701.3469824,5.105,98218.11374054849,1825741.0192770516,777734.097590504,27310.179517123423,158814.8999473689,3919.4510193307883,7482.186467149231,125694.27905784184,210066.57326848613,101839.42249302569,21288.449367541452,17879.98124866701,23290.830456699958,2697.68913623275,19809.42792729325,14731.42484732572,51869.626690354264,126569.04995749849,40619.60437243526,0,0,12033.73571109297,0
79,Ghana,25-35,male,2016,2295781.7600000002,13.991,321202.8260416,3.817,75369.67790919215,1899209.256049208,91027627.09815817,6183255.328317942,12741505.203634076,497087.72703550523,371327.00577653793,18243655.28314527,24550551.073932692,13890063.691748748,1225723.0861491228,1043836.2274622053,2723560.087943961,535064.2058236019,1589206.7956883593,1497836.5419616515,4062331.3620178024,9181127.336646449,1491959.6333406388,0,0,370462.8239408331,0
80,Ghana,25-35,male,2017,2359903.04,14.184,334728.64719359996,2.493,50487.59761266355,1974686.7951937364,876209.797784837,47661.16896578821,141628.6812560074,5507.616624468498,4114.217026289394,164810.27583377584,242110.4550965287,130682.8134557413,15304.386553093947,9820.794059628537,25895.983013075085,5696.764360112528,16920.093955062188,15947.285833458274,44935.952753128055,104487.03635719104,21348.993260687806,0,0,3862.809570862713,0
81,Ghana,25-35,male,2018,2424024.32,14.351,347871.7301632,2.546,52858.84493724492,2023293.7448995549,85886050.88150276,4819598.153092822,14354004.1624037,546199.2944825991,408013.591055718,17358149.194202416,24906846.283756327,13309099.447116721,1616041.3566265767,1000176.8505964702,2743436.923008633,579371.1394776506,1720803.8625314755,1621867.534068762,4460871.370491785,10422873.294036811,2129000.8079712423,0,0,375016.0224785442,0
82,Ghana,25-35,male,2019,2488145.6,14.488,360482.534528,2.575,54787.32393590401,2072875.7415360962,85891149.55713607,4856864.565081831,14311547.421106802,560845.7284511628,418954.55011597276,17319258.50684158,24998643.673913054,13207145.592814697,1574905.6035834707,992515.0335586494,2734378.8916836525,587788.7333662423,1745805.1563304195,1645431.397217332,4439332.784572771,10374055.712200752,2072311.0354719956,0,0,376916.44709815783,0
83,Ghana,25-35,male,2020,2552266.88,15.143,386489.7736384,2.895,62699.24722916831,2103077.8591324314,87899481.77524886,4669261.199432559,14309887.362233141,558239.8927192561,417007.9778566956,17191365.461336024,24458440.99679006,12593670.956145918,1425771.06825173,946412.5055504813,2608923.125125963,569880.7437950762,1692616.2148653353,1595300.5140806572,4449988.682088097,10255187.753981194,2040170.927156037,0,0,372793.3419608895,0
84,Ghana,25-35,male,2021,2615375.52,14.999,392280.1742448,2.973,66092.6246293021,2157002.721125898,86323590.7385547,4916222.184016274,14408153.823503898,571943.7248288153,427244.80863756005,17355333.50383847,24469029.261558726,13027426.960059011,1460906.4301572873,979009.2049473809,2564650.0153077133,576287.0851471201,1711643.8401509705,1613234.1603102738,4397206.21161877,10349745.3280573,2106266.3406720445,0,0,388572.84901598224,0
85,Ghana,25-35,male,2022,2678484.16,14.916,399522.69730560004,2.9,66089.8824181376,2212871.5802762625,0.0,0.0,0.0,0.0,0.0,0.0,0.0,0.0,0.0,0.0,0.0,0.0,0.0,0.0,0.0,0.0,0.0,0,0,0.0,0
86,Ghana,25-35,male,2023,2741592.8,15.161,415652.884408,2.933,68219.81772431335,2257720.0978676863,0.0,0.0,0.0,0.0,0.0,0.0,0.0,0.0,0.0,0.0,0.0,0.0,0.0,0.0,0.0,0.0,0.0,0,0,0.0,0
87,Ghana,25-35,male,2024,2804701.44,15.362,430858.2352128,2.912,69126.31412340327,2304716.8906637966,0.0,0.0,0.0,0.0,0.0,0.0,0.0,0.0,0.0,0.0,0.0,0.0,0.0,0.0,0.0,0.0,0.0,0,0,0.0,0
104,Kenya,15-24,female,2015,4742700.0,55.928,2652497.256,7.339,153399.97938216003,1936802.7646178398,0.0,0.0,0.0,0.0,0.0,0.0,0.0,0.0,0.0,0.0,0.0,0.0,0.0,0.0,0.0,0.0,0.0,0,0,0.0,0
105,Kenya,15-24,female,2016,4887980.0,56.361,2754914.4077999997,7.371,157228.264801062,1975837.3273989381,71407295.38674599,1207353.5453002227,12130353.95239401,0.0,514271.97237907763,4551664.578439663,46029383.76241897,4422923.290389127,8635984.752077674,289769.6827504608,2071201.149235406,485418.6099626802,848269.1228799144,2300955.998195084,3555035.1144209816,12314824.206316113,3942594.112039277,0,0,9490859.098343289,0
106,Kenya,15-24,female,2017,5033260.0,56.906,2864226.9356,9.304,201806.836311776,1967226.2280882238,71785518.57356404,1207999.8682539838,12184487.009832185,0.0,517832.67610207177,4584144.033691084,46635182.89213533,4260869.742545177,8756831.2714894,279152.6762901935,2111574.0902107824,473589.2505783503,827597.3148708472,2244883.085308057,3570008.0631733984,12412468.914771998,3957306.1011066935,0,0,9601153.388970355,0
107,Kenya,15-24,female,2018,5178540.0,57.463,2975744.4401999996,11.192,246536.87905281605,1956258.6807471844,72112109.87316124,1206597.973982536,12237728.817416435,0.0,521955.1037184149,4553252.982254098,46357648.56429965,4465596.446328052,8653215.015350008,292565.4325400294,2081525.2205565788,490568.6135332338,857268.7552012993,2325367.776736707,3617842.4978358913,12491343.656325981,3990789.3479238395,0,0,9598456.60895735,0
108,Kenya,15-24,female,2019,5323820.0,58.043,3090104.8426,13.175,294291.97198745003,1939423.1854125499,694079.0992284494,12926.903290372997,119481.7161065984,0.0,6055.64677863935,61889.1449535849,460839.2860513073,46550.637411079435,91033.87483755195,3049.7846218023524,22505.262222001074,5175.457975769256,9044.113899846503,24532.436186713985,36550.8837413184,129282.73149428845,40115.12654187338,0,0,95435.68860368391,0
109,Kenya,15-24,female,2020,5469100.0,58.456,3197017.0960000004,14.775,335700.24906599993,1936382.6549339998,68573992.19430958,1253828.0887230015,12197769.75972053,0.0,595611.6771954364,6178897.939930729,46520515.81108752,4491713.707654985,8883733.176884055,294276.5159190835,2262373.232245746,519489.30845869594,907807.6756588102,2462456.147670463,3853151.463115383,13373660.701368673,4131287.7470588763,0,0,9322707.60721561,0
110,Kenya,15-24,female,2021,5604760.0,58.395,3272899.602,14.463,337256.96936273994,1994603.42863726,68233784.76475346,1299084.4415068794,11783193.732631113,0.0,645044.2858055778,6385475.445479899,46671771.440967426,4645524.397173607,9321777.599480039,304353.48804344505,2229599.052348677,527490.4554102661,921789.681637451,2500382.7674843823,3523980.0989706605,12740293.994824197,3998711.068658184,0,0,9659062.10051257,0
111,Kenya,15-24,female,2022,5740420.0,58.126,3336676.5291999998,14.332,344504.51423505606,2059238.9565649442,0.0,0.0,0.0,0.0,0.0,0.0,0.0,0.0,0.0,0.0,0.0,0.0,0.0,0.0,0.0,0.0,0.0,0,0,0.0,0
112,Kenya,15-24,female,2023,5876080.0,58.196,3419643.5168,14.321,351786.268759072,2104650.2144409283,0.0,0.0,0.0,0.0,0.0,0.0,0.0,0.0,0.0,0.0,0.0,0.0,0.0,0.0,0.0,0.0,0.0,0,0,0.0,0
113,Kenya,15-24,female,2024,6011740.0,58.297,3504664.0678,14.3,358511.85830460006,2148564.0738954,0.0,0.0,0.0,0.0,0.0,0.0,0.0,0.0,0.0,0.0,0.0,0.0,0.0,0.0,0.0,0.0,0.0,0,0,0.0,0
130,Kenya,15-24,male,2015,4769000.0,53.436,2548362.84,7.337,162928.1484292,2057709.0115708,0.0,0.0,0.0,0.0,0.0,0.0,0.0,0.0,0.0,0.0,0.0,0.0,0.0,0.0,0.0,0.0,0.0,0,0,0.0,0
131,Kenya,15-24,male,2016,4916300.0,53.445,2627516.535,7.378,168866.44404769997,2119917.0209522997,64021762.23259768,2060202.4065644983,15481984.884757793,232239.44154907184,557796.4576605248,19736527.552651882,34365326.045415506,18147757.022595957,5611804.013558128,1098718.1356495442,1798211.2572576518,671662.6975384663,1710944.20669039,6221838.941606471,5930756.952243921,11031267.021788834,2515093.2918079267,0,0,4384609.393450677,0
132,Kenya,15-24,male,2017,5063600.0,54.779,2773789.444,8.798,201457.53271688,2088353.0232831198,63694789.42830991,2058652.882912584,15424839.560376752,232526.66696708417,558486.3203283331,19641557.910352718,34742972.83885616,17623913.966902196,5656720.523215414,1067003.1493397662,1814038.252986815,651885.6544112707,1660565.6201052635,6038637.496104775,5892051.082570277,10991365.670179602,2499733.455086332,0,0,4380156.776468749,0
133,Kenya,15-24,male,2018,5210900.0,56.142,2925503.478,10.189,232859.05162657998,2052537.47037342,64110857.460785545,2051671.4209018033,15324411.023652205,233207.25561591503,560120.9691843139,19490289.251677517,34243490.24685182,18069007.90132417,5541019.7513112705,1093950.4341864903,1798772.9425512454,671955.7296218283,1711690.6550896238,6224553.396993206,5889581.81339932,10916232.54842157,2488154.1000508503,0,0,4382012.49899865,0
134,Kenya,15-24,male,2019,5358200.0,57.54,3083108.28,11.675,265616.95831,2009474.76169,634558.4327923706,20943.597294164316,150369.95831682734,2279.360514963799,5474.605056305338,206593.43290005458,338687.10889324936,187163.53428989698,55708.04645023554,11331.426203278494,17815.983482002604,7106.145162367808,18101.672077386487,65826.62824355578,59160.28776246042,112444.48986721164,24292.343096583707,0,0,42833.4099720355,0
135,Kenya,15-24,male,2020,5505500.0,57.93,3189336.15,12.873,298159.7724105,2018004.0775895002,64483439.90189746,2055944.2283560748,15192942.998393351,220611.96041397372,529869.3848712895,21538047.66382795,33558926.84604449,18118498.97133723,5347123.60070488,1096946.7678991547,1825094.870593577,707439.7217663316,1802079.969566044,6553253.62842996,5866620.236208713,11118885.35368572,2374222.3855315805,0,0,4093959.872755338,0
136,Kenya,15-24,male,2021,5645120.0,58.036,3276201.8432,12.474,295498.850879232,2073419.305920768,62218978.51487073,2189324.524592686,15173399.59903555,238334.1162583632,572434.7462335603,22047563.303030293,34051220.071563,18668742.79215727,5581969.279958301,1130260.1335239715,1732756.5224095355,718531.3207747497,1830333.893947931,6655998.864823422,5702304.818808082,11134942.745070338,2419603.455970988,0,0,4297946.162912966,0
137,Kenya,15-24,male,2022,5784740.0,57.349,3317490.5426,12.37,305198.75788038,2162050.6995196203,0.0,0.0,0.0,0.0,0.0,0.0,0.0,0.0,0.0,0.0,0.0,0.0,0.0,0.0,0.0,0.0,0.0,0,0,0.0,0
138,Kenya,15-24,male,2023,5924360.0,57.228,3390392.7408,12.417,314642.714574864,2219324.544625136,0.0,0.0,0.0,0.0,0.0,0.0,0.0,0.0,0.0,0.0,0.0,0.0,0.0,0.0,0.0,0.0,0.0,0,0,0.0,0
139,Kenya,15-24,male,2024,6063980.0,57.193,3468172.0814,12.438,322866.588915468,2272941.329684532,0.0,0.0,0.0,0.0,0.0,0.0,0.0,0.0,0.0,0.0,0.0,0.0,0.0,0.0,0.0,0.0,0.0,0,0,0.0,0
156,Kenya,25-35,female,2015,4122072.64,14.453,595763.1586592,1.793,63226.729000440544,3463082.7523403596,0.0,0.0,0.0,0.0,0.0,0.0,0.0,0.0,0.0,0.0,0.0,0.0,0.0,0.0,0.0,0.0,0.0,0,0,0.0,0
157,Kenya,25-35,female,2016,4203120.512,14.283,600331.70272896,1.787,64381.836021673495,3538406.9732493665,138028625.30689597,2333786.0538564655,23447689.36376483,0.0,994075.6472695862,8798260.754975058,88973718.0219475,8549406.868077211,16693155.748927124,560117.9928330583,4003583.188729617,938302.7752087265,1639684.296783118,4447693.9170206105,6871799.402338806,23804266.033151023,7620941.84467392,0,0,18345607.78742116,0
158,Kenya,25-35,female,2017,4284168.384,13.838,592843.2209779199,2.3,84900.47874950783,3606424.684272572,138759721.84616324,2335035.380950129,23552327.29272408,0.0,1000958.4039591954,8861042.779343715,90144713.51525089,8236161.165185662,16926749.233418904,539595.568637489,4081623.1356600528,915436.9012775406,1599726.1772850193,4339306.293027414,6900741.7607056,23993010.96185421,7649379.774097061,0,0,18558804.061443307,0
159,Kenya,25-35,female,2018,4365216.256,13.34,582319.8485504,2.793,105656.29666006734,3677240.110789533,139391015.1597728,2332325.5522405338,23655242.456642646,0.0,1008926.9597451164,8801331.102251919,89608246.17617641,8631893.076522097,16726461.443258148,565522.1115308213,4023539.3761795666,948257.6111861869,1657080.3747449066,4494881.311741935,6993204.599733976,24145473.985263348,7714102.103992781,0,0,18553591.24899979,0
160,Kenya,25-35,female,2019,4446264.1280000005,12.788,568588.25668864,3.322,128816.39244496339,3748859.4788663974,1341638.6015165278,24987.400530738465,230955.35174916696,0.0,11705.423033776828,119630.26401008492,890791.5192217168,89981.28908553607,175966.3425443163,5895.16206361773,43502.14344136335,10004.038745061258,17482.059808506765,47420.62311618924,70652.00004063976,249900.48436128508,77541.59768407494,0,0,184474.94519766563,0
161,Kenya,25-35,female,2020,4527312.0,13.634,617253.71808,3.597,140644.7964006624,3769413.4855193375,132551916.76316042,2423620.2550493376,23578002.53637326,0.0,1151303.3867864453,11943664.634559894,89923064.74002054,8682377.129421916,17172047.636832472,568829.595525519,4373114.336381384,1004160.6354060707,1754770.9213124993,4759869.913859757,7448051.304457999,25850972.11612646,7985682.21055467,0,0,18020574.90334464,0
162,Kenya,25-35,female,2021,4633654.368,12.436,576241.25720448,3.899,158198.5371899173,3899214.5736056026,131894303.79005322,2511099.7223408828,22776636.81044257,0.0,1246855.4585297771,12342974.102252912,90215438.32102759,8979689.580716657,18018777.22022878,588308.1460300338,4309762.61619296,1019626.6645928964,1781797.8105653701,4833181.179425826,6811770.786659184,24626689.144113533,7729414.604166673,0,0,18670740.241131596,0
163,Kenya,25-35,female,2022,4739996.736,11.682,553726.4186995199,3.754,157152.58771146002,4029117.72958902,0.0,0.0,0.0,0.0,0.0,0.0,0.0,0.0,0.0,0.0,0.0,0.0,0.0,0.0,0.0,0.0,0.0,0,0,0.0,0
164,Kenya,25-35,female,2023,4846339.104,11.607,562514.5798012799,3.727,159658.1400168863,4124166.384181834,0.0,0.0,0.0,0.0,0.0,0.0,0.0,0.0,0.0,0.0,0.0,0.0,0.0,0.0,0.0,0.0,0.0,0,0,0.0,0
165,Kenya,25-35,female,2024,4952681.472,11.648,576888.33785856,3.7,161904.3459632333,4213888.788178206,0.0,0.0,0.0,0.0,0.0,0.0,0.0,0.0,0.0,0.0,0.0,0.0,0.0,0.0,0.0,0.0,0.0,0,0,0.0,0
182,Kenya,25-35,male,2015,4085025.92,6.567,268263.6521664,1.354,51678.96110646695,3765083.3067271328,0.0,0.0,0.0,0.0,0.0,0.0,0.0,0.0,0.0,0.0,0.0,0.0,0.0,0.0,0.0,0.0,0.0,0,0,0.0,0
183,Kenya,25-35,male,2016,4166646.272,6.499,270790.34121728,1.347,52477.179387643235,3843378.7513950765,126529978.22811027,4071699.3184448523,30597958.289234865,458988.4823250084,1102405.98168926,39006461.46637964,67918217.25448163,35866480.72284611,11090938.688569758,2171461.342746079,3553910.784331773,1327446.5358734578,3381439.774111987,12296586.635027602,11721304.160877185,21801742.523493454,4970726.958404294,0,0,8665561.705041679,0
184,Kenya,25-35,male,2017,4248266.624,6.685,283996.6238144,1.959,77660.0493036359,3886609.950881964,125883762.62321319,4068636.903617401,30485018.620009553,459556.1428301289,1103769.397897971,38818767.37060035,68664582.84776783,34831178.84860108,11179709.831237951,2108781.147960097,3585190.607866649,1288360.001091597,3281873.607210486,11934514.831591906,11644807.47168401,21722883.132962372,4940370.408721861,0,0,8656761.73593532,0
185,Kenya,25-35,male,2018,4329886.976,6.876,297723.02846976003,2.546,102658.89410411989,3929505.05342612,126706062.37340266,4054839.0291850306,30286535.789763935,460901.2302490913,1107000.0506782932,38519806.213935666,67677425.99222831,35710844.19781887,10951043.583395232,2162038.653627859,3555020.876048887,1328025.6724331987,3382915.0240334175,12301951.37303242,11639927.309633715,21574393.12068006,4917485.447586115,0,0,8660429.309633976,0
186,Kenya,25-35,male,2019,4411507.328,7.032,310217.19530495995,3.166,129846.84560112497,3971443.287093915,1254115.1927992569,41392.06446741066,297185.00223198277,4504.834391852097,10819.784311234047,408302.7654244223,669367.2748136983,369902.312791054,110099.0922253915,22394.964786899327,35210.77714012646,14044.293086052832,35775.40033219999,130097.0411940045,116921.9599947449,222230.6659269846,48010.38796703872,0,0,84654.19010971622,0
187,Kenya,25-35,male,2020,4493127.68,7.883,354193.25501439994,3.721,154009.74995371417,3984924.6750318855,127442418.98899832,4063283.630134903,30026707.79075853,436008.4067449796,1047212.0634219242,42566911.7335319,66324483.03690602,35808656.31346303,10567835.204569178,2167960.4843648854,3607042.4522438375,1398154.7753650825,3561556.7482521855,12951580.993912974,11594546.992680628,21974907.791688014,4692315.492013188,0,0,8091133.944181528,0
188,Kenya,25-35,male,2021,4598833.344,7.098,326425.19075711997,3.697,157950.92942538927,4114457.2238174905,122967030.62093182,4326890.962865965,29988083.0199148,471033.74680042773,1131336.4932817682,43573897.49098313,67297431.12415794,36896135.57427386,11031974.547921572,2233799.650301917,3424548.7379518314,1420075.7555460297,3617396.642566725,13154642.454118883,11269800.75856871,22006642.959722202,4782004.773507894,0,0,8494284.059898522,0
189,Kenya,25-35,male,2022,4704539.008,6.698,315110.02275584004,3.519,154464.005990742,4234964.979253419,0.0,0.0,0.0,0.0,0.0,0.0,0.0,0.0,0.0,0.0,0.0,0.0,0.0,0.0,0.0,0.0,0.0,0,0,0.0,0
190,Kenya,25-35,male,2023,4810244.672,6.667,320699.01228224003,3.465,155562.75710922037,4333982.90260854,0.0,0.0,0.0,0.0,0.0,0.0,0.0,0.0,0.0,0.0,0.0,0.0,0.0,0.0,0.0,0.0,0.0,0,0,0.0,0
191,Kenya,25-35,male,2024,4915950.336,6.661,327451.45188095997,3.416,156743.1218815064,4431755.762237534,0.0,0.0,0.0,0.0,0.0,0.0,0.0,0.0,0.0,0.0,0.0,0.0,0.0,0.0,0.0,0.0,0.0,0,0,0.0,0
208,Rwanda,15-24,female,2015,1120700.0,57.894,648818.058,17.894,84438.55470148,387443.3872985201,0.0,0.0,0.0,0.0,0.0,0.0,0.0,0.0,0.0,0.0,0.0,0.0,0.0,0.0,0.0,0.0,0.0,0,0,0.0,0
209,Rwanda,15-24,female,2016,1155980.0,58.237,673208.0726000001,17.946,86638.250091204,396133.677308796,0.0,0.0,0.0,0.0,0.0,0.0,0.0,0.0,0.0,0.0,0.0,0.0,0.0,0.0,0.0,0.0,0.0,0,0,0.0,0
210,Rwanda,15-24,female,2017,1191260.0,58.469,696517.8094,17.968,88895.27680700799,405846.913792992,258409.5254672079,1038.056426026855,14667.20147010823,141.67699252859964,802.8362909953979,8981.049866123856,53720.1011862769,1286.21820941429,4624.255299407033,944.5132835239976,2200.988406365777,291.52765770307997,1379.9883983795328,2457.7779553238643,3690.640246077543,10494.087491461336,5792.409348380823,0,0,28362.41703474381,0
211,Rwanda,15-24,female,2018,1226540.0,63.691,781195.5914,18.419,82027.98662003399,363316.421979966,222792.98217562994,710.5255123021917,17777.418744338396,199.15059788646226,553.0439491404999,9258.155250468395,48187.01077622556,827.5118163651626,6377.318605599985,682.1592680059863,2821.9522342949103,122.65955292221204,1528.6471236589553,3524.261317214753,3054.3598082527856,9498.192365995596,5178.502432861044,0,0,24309.480103305956,0
212,Rwanda,15-24,female,2019,1261820.0,63.503,801293.5545999999,18.032,83042.12863452802,377484.31676547206,215746.52519694078,1377.2424800224655,20701.494866206594,101.86459713936456,424.0217376858103,11109.452344113872,53129.63387342228,1121.338735989428,9952.502407498487,743.6943758630031,3350.351444937393,77.01957344683662,1819.2768598853586,3815.781555444083,3857.6040119931727,12035.136518524641,4884.945741679203,0,0,24701.957764431805,0
213,Rwanda,15-24,female,2020,1297100.0,59.025,765613.275,19.035,101168.49810375,430318.2268962499,259275.1828734271,1537.3238516088704,18851.990005790543,173.15720704772707,673.6469175523024,18629.690741200648,55558.57606837199,1236.3551129278637,11052.955654742003,479.3986986839021,3467.7841635550894,290.4232327706701,1370.704858225552,4370.901289716317,3359.798183033243,11121.290533040985,6730.774602331441,0,0,23101.828887656196,0
214,Rwanda,15-24,female,2021,1335160.0,61.006,814527.7096,19.143,99664.63935127202,420967.65104872803,277220.210353851,871.105490450805,17576.785705463823,261.96948588347954,491.13583614328866,11673.58809052079,44550.075170238655,1010.5188168514046,5272.648452399146,738.7539501914123,3170.7419774018713,173.12766023603868,607.0858085908461,4383.318997712969,2944.0814222244258,13882.104756294993,6350.595936921429,0,0,18933.559842787305,0
215,Rwanda,15-24,female,2022,1373220.0,61.847,849295.3734,18.698,97963.426681668,425961.1999183319,0.0,0.0,0.0,0.0,0.0,0.0,0.0,0.0,0.0,0.0,0.0,0.0,0.0,0.0,0.0,0.0,0.0,0,0,0.0,0
216,Rwanda,15-24,female,2023,1411280.0,62.521,882346.3687999999,18.267,96620.30641130402,432313.324788696,0.0,0.0,0.0,0.0,0.0,0.0,0.0,0.0,0.0,0.0,0.0,0.0,0.0,0.0,0.0,0.0,0.0,0,0,0.0,0
217,Rwanda,15-24,female,2024,1449340.0,63.065,914026.271,17.876,95692.68219604001,439621.04680396,0.0,0.0,0.0,0.0,0.0,0.0,0.0,0.0,0.0,0.0,0.0,0.0,0.0,0.0,0.0,0.0,0.0,0,0,0.0,0
234,Rwanda,15-24,male,2015,1091100.0,53.881,587895.591,15.468,77835.65798412,425368.75101588,0.0,0.0,0.0,0.0,0.0,0.0,0.0,0.0,0.0,0.0,0.0,0.0,0.0,0.0,0.0,0.0,0.0,0,0,0.0,0
235,Rwanda,15-24,male,2016,1128820.0,54.457,614721.5074,15.489,79628.715518814,434469.77708118595,0.0,0.0,0.0,0.0,0.0,0.0,0.0,0.0,0.0,0.0,0.0,0.0,0.0,0.0,0.0,0.0,0.0,0,0,0.0,0
236,Rwanda,15-24,male,2017,1166540.0,54.867,640045.5018,15.486,81532.93799125201,444961.560208748,192987.4226654978,9883.275237875318,21566.61989896524,1986.1891202930528,1411.6357907089691,53198.75723919511,54109.283992549485,27387.650277812165,5378.539922557473,1584.2983038074808,2933.4380197621667,396.41670774797035,3868.5982624357443,6128.720907472936,10507.779809690013,14866.766979869222,5476.617704106166,0,0,20850.424005795718,0
237,Rwanda,15-24,male,2018,1204260.0,58.393,703203.5418000001,17.129,85825.960725078,415230.49747492187,165871.89589220993,11915.291994421807,23182.16986025285,1048.7446476458615,810.7703946519962,55949.425032043655,47013.5625976198,27603.800224503353,7418.448017500347,2058.6693661712284,2919.177795008858,623.3429243671084,3500.6679832929335,6833.722835122897,9073.349683392264,11683.787729614689,4569.631344022385,0,0,19981.547579120408,0
238,Rwanda,15-24,male,2019,1241980.0,58.756,729737.7688,16.53,84673.64081736,427568.59038264,165154.87368553178,13258.924814320784,22579.03331267746,1759.9271944397337,1048.1225694222182,53758.577765835915,47392.12009263836,33938.99217261559,10066.160133566622,1624.7848009258923,3869.502007909966,661.9721491087695,3757.7378129705985,8545.14172280462,10162.954078541634,12406.235782104468,4598.9428178169965,0,0,19755.398083099193,0
239,Rwanda,15-24,male,2020,1279700.0,52.481,671599.3570000001,15.571,94687.35112152998,513413.29187847,210846.64278462948,12606.435479313262,28330.936455068742,1305.1421644771908,648.05345619333,81721.14458322497,48733.89096330113,33797.03808853768,11985.939541996051,1906.21230979976,4876.099671957272,701.813206131989,3924.9135081266304,12078.550875923991,10618.454138094196,12851.290810966648,5364.906810054996,0,0,14437.881078063876,0
240,Rwanda,15-24,male,2021,1317280.0,55.473,730734.7344,16.472,96615.73614963201,489929.529450368,233890.80266872427,6128.189435117354,18885.096975453973,1275.0333993074494,670.032281646743,73619.50348400453,36295.371668740874,35705.39580196502,7377.163414921374,2061.980914402012,4733.423567821174,446.76644427952056,3387.4897659007893,7860.319138687666,12425.412942689389,14873.824528286403,4884.849924395157,0,0,12462.036991721234,0
241,Rwanda,15-24,male,2022,1354860.0,56.431,764561.0466,16.277,96082.960644918,494215.99275508197,0.0,0.0,0.0,0.0,0.0,0.0,0.0,0.0,0.0,0.0,0.0,0.0,0.0,0.0,0.0,0.0,0.0,0,0,0.0,0
242,Rwanda,15-24,male,2023,1392440.0,57.259,797297.2196,16.013,95300.21342545202,499842.56697454804,0.0,0.0,0.0,0.0,0.0,0.0,0.0,0.0,0.0,0.0,0.0,0.0,0.0,0.0,0.0,0.0,0.0,0,0,0.0,0
243,Rwanda,15-24,male,2024,1430020.0,57.923,828310.4846000001,15.731,94654.92386757399,507054.59153242595,0.0,0.0,0.0,0.0,0.0,0.0,0.0,0.0,0.0,0.0,0.0,0.0,0.0,0.0,0.0,0.0,0.0,0,0,0.0,0
260,Rwanda,25-35,female,2015,1096585.6,39.392,431966.9995520001,10.817,71891.79401046016,592726.8064375399,0.0,0.0,0.0,0.0,0.0,0.0,0.0,0.0,0.0,0.0,0.0,0.0,0.0,0.0,0.0,0.0,0.0,0,0,0.0,0
261,Rwanda,25-35,female,2016,1103553.376,39.162,432173.57310911996,10.879,73039.40875649884,598340.3941343811,0.0,0.0,0.0,0.0,0.0,0.0,0.0,0.0,0.0,0.0,0.0,0.0,0.0,0.0,0.0,0.0,0.0,0,0,0.0,0
262,Rwanda,25-35,female,2017,1110521.152,39.005,433158.77533760003,10.921,73974.7451553007,603387.6315070993,384187.0080354037,1543.316918237174,21806.271416911946,210.63642978565105,1193.6064354520227,13352.4593214763,79867.66319391695,1912.26822874313,6875.0515471864655,1404.2428652376736,3272.2909460610595,433.424961289705,2051.6798401236965,3654.0694750475523,5487.011484239995,15601.948372905112,8611.789417774886,0,0,42167.45540447715,0
263,Rwanda,25-35,female,2018,1117488.928,47.081,526124.9621916801,11.129,65812.89575480793,525551.070053512,322278.5514200398,1027.8022701416112,25715.714673617465,288.0789402544494,799.9991788794974,13392.274899353453,69704.35010372836,1197.02742365061,9225.034747892727,986.769415193777,4082.0616042931556,177.4317244985656,2211.246403878455,5097.978495760222,4418.248029658858,13739.497747774092,7490.901402235294,0,0,35164.59071988079,0
264,Rwanda,25-35,female,2019,1124456.704,49.011,551107.47519744,11.983,68704.43808741076,504644.79071514914,288423.53236935724,1841.184420720608,27675.061135687225,136.1790040581087,566.8589437215583,14851.815040142272,71027.03814708018,1499.076191013652,13305.131555027005,994.2174442616392,4478.960657862429,102.96461282442365,2432.1237980865876,5101.176920306795,5157.087812216832,16089.327900190654,6530.502889729709,0,0,33023.131697497745,0
265,Rwanda,25-35,female,2020,1131424.48,44.718,505950.3989664,12.803,80079.44659473181,545394.6344388681,328610.9784432089,1948.4375228765832,23893.42015980251,219.46319197169362,853.7946835049811,23611.67326048684,70416.14180116863,1566.9832294008138,14008.755223469641,607.600286664628,4395.144704504977,368.0886910414398,1737.2610044141738,5539.774896980973,4258.280935577442,14095.364327244099,8530.729409735271,0,0,29279.757940837382,0
266,Rwanda,25-35,female,2021,1141668.736,45.611,520726.52717695996,13.182,81852.60196705314,539089.6068559869,355007.16941048927,1115.5344483295185,22508.76634379114,335.4771484254567,628.9467234828562,14949.153453097852,57050.66042271417,1294.0666351437617,6752.133980396192,946.0455585597879,4060.440372986028,221.70663722030181,777.4318265685584,5613.261991306642,3770.1797097831322,17777.3716739542,8132.549516352071,0,0,24246.246253375506,0
267,Rwanda,25-35,female,2022,1151912.992,46.483,535443.71607136,12.832,79105.3374871631,537363.9384414769,0.0,0.0,0.0,0.0,0.0,0.0,0.0,0.0,0.0,0.0,0.0,0.0,0.0,0.0,0.0,0.0,0.0,0,0,0.0,0
268,Rwanda,25-35,female,2023,1162157.2480000001,47.319,549921.1881811201,12.506,76566.24164094914,535669.8181779309,0.0,0.0,0.0,0.0,0.0,0.0,0.0,0.0,0.0,0.0,0.0,0.0,0.0,0.0,0.0,0.0,0.0,0,0,0.0,0
269,Rwanda,25-35,female,2024,1172401.504,48.026,563057.54631104,12.215,74431.36443170646,534912.5932572535,0.0,0.0,0.0,0.0,0.0,0.0,0.0,0.0,0.0,0.0,0.0,0.0,0.0,0.0,0.0,0.0,0.0,0,0,0.0,0
286,Rwanda,25-35,male,2015,1025688.96,21.269,218153.78490239996,9.771,78904.2619587865,728630.9131388136,0.0,0.0,0.0,0.0,0.0,0.0,0.0,0.0,0.0,0.0,0.0,0.0,0.0,0.0,0.0,0.0,0.0,0,0,0.0,0
287,Rwanda,25-35,male,2016,1038388.8,21.554,223814.321952,9.831,80080.81693689887,734493.6611111012,0.0,0.0,0.0,0.0,0.0,0.0,0.0,0.0,0.0,0.0,0.0,0.0,0.0,0.0,0.0,0.0,0.0,0,0,0.0,0
288,Rwanda,25-35,male,2017,1051088.6400000001,21.745,228559.22476800001,9.874,81216.5544600077,741312.8607719925,321520.03944353573,16465.689838351806,35930.323255302595,3309.021880694365,2351.807122142561,88629.95468642538,90146.90638000966,45628.25015208726,8960.730933469662,2639.465547003107,4887.153239275404,660.4363836296286,6445.144708137013,10210.544089832061,17506.12414121597,24768.264375707247,9124.130038740514,0,0,34737.12978890614,0
289,Rwanda,25-35,male,2018,1063788.48,29.744,316413.24549119995,9.597,71725.60125580954,675649.6332529904,269901.38322707976,19388.177687067906,37721.27687955855,1706.4833649430059,1319.2593586700314,91039.09451135407,76498.94822312944,44916.010773512404,12071.058635651403,3349.80019700206,4749.991675929655,1014.2834420897026,5696.173699753847,11119.61273408688,14763.86109218861,19011.481436275586,7435.5563005739095,0,0,32513.327840220252,0
290,Rwanda,25-35,male,2019,1076488.32,30.183,324916.46962560003,9.952,74796.43054926029,676775.4198251397,261414.80335275776,20986.841899709016,35739.142428020445,2785.6944889537203,1659.017074463116,85091.57327042331,75014.44842661438,53720.212833006604,15933.185700860207,2571.7848329037897,6124.827465866668,1047.8002575556523,5947.9219081319,13525.647128899156,16086.395651779125,19637.16610326651,7279.420252770466,0,0,31269.76146572683,0
291,Rwanda,25-35,male,2020,1089188.16,27.601,300626.8240416,10.481,82649.1136217999,705912.2223366001,289901.38069027785,17333.08627905854,38953.32401835941,1794.4915341408393,891.0343045084923,112361.63086773036,67006.15238679234,46468.88314516351,16479.941896177806,2620.9266280052866,6704.34211621639,964.950708995429,5396.518673802567,16607.276878697317,14599.732178682369,17669.74754991501,7376.422365416941,0,0,19851.213201663926,0
292,Rwanda,25-35,male,2021,1098918.2719999999,27.793,305422.35533695994,10.726,85110.37202127767,708385.5446417623,338181.0110957351,8860.704549761733,27305.824414334886,1843.5615220379254,968.7948046209242,106445.90484325109,52479.214013453005,51626.17219705063,10666.586946602418,2981.403212678899,6844.022722763517,645.9763536067339,4897.946824062829,11365.178294853948,17965.814235937993,21505.954746586773,7062.968990801531,0,0,18018.76868216114,0
293,Rwanda,25-35,male,2022,1108648.384,28.67,317849.4916928,10.489,82946.89581410222,707851.9964930979,0.0,0.0,0.0,0.0,0.0,0.0,0.0,0.0,0.0,0.0,0.0,0.0,0.0,0.0,0.0,0.0,0.0,0,0,0.0,0
294,Rwanda,25-35,male,2023,1118378.496,29.604,331084.76995584,10.255,80736.97160582861,706556.7544383314,0.0,0.0,0.0,0.0,0.0,0.0,0.0,0.0,0.0,0.0,0.0,0.0,0.0,0.0,0.0,0.0,0.0,0,0,0.0,0
295,Rwanda,25-35,male,2024,1128108.608,30.371,342617.86533568,10.035,78823.9960263645,706666.7466379555,0.0,0.0,0.0,0.0,0.0,0.0,0.0,0.0,0.0,0.0,0.0,0.0,0.0,0.0,0.0,0.0,0.0,0,0,0.0,0
